,Time,Temperature,Dew Point,Humidity,Wind,Wind Speed,Wind Gust,Pressure,Precip.,Condition
0,12:00 AM,70 °F,64 °F,83 °%,W,15 °mph,0 °mph,25.15 °in,0.0 °in,Thunder
1,12:08 AM,70 °F,64 °F,83 °%,WSW,12 °mph,0 °mph,25.13 °in,0.0 °in,Light Rain with Thunder
2,12:44 AM,66 °F,61 °F,83 °%,NNW,9 °mph,0 °mph,25.13 °in,0.0 °in,Cloudy
3,1:40 AM,66 °F,63 °F,88 °%,ENE,5 °mph,0 °mph,25.16 °in,0.0 °in,Cloudy
4,2:41 AM,66 °F,64 °F,94 °%,W,5 °mph,0 °mph,25.12 °in,0.0 °in,Cloudy
5,3:41 AM,64 °F,63 °F,94 °%,N,6 °mph,0 °mph,25.11 °in,0.0 °in,Mostly Cloudy
6,4:41 AM,64 °F,63 °F,94 °%,CALM,0 °mph,0 °mph,25.12 °in,0.0 °in,Mostly Cloudy
7,5:44 AM,63 °F,63 °F,100 °%,SW,3 °mph,0 °mph,25.12 °in,0.0 °in,Cloudy
8,6:40 AM,63 °F,61 °F,94 °%,WNW,7 °mph,0 °mph,25.13 °in,0.0 °in,Mist
9,7:40 AM,64 °F,63 °F,94 °%,W,2 °mph,0 °mph,25.15 °in,0.0 °in,Mostly Cloudy
10,8:40 AM,70 °F,63 °F,78 °%,W,9 °mph,0 °mph,25.16 °in,0.0 °in,Partly Cloudy
11,9:40 AM,73 °F,63 °F,69 °%,CALM,0 °mph,0 °mph,25.17 °in,0.0 °in,Partly Cloudy
12,10:41 AM,77 °F,57 °F,50 °%,CALM,0 °mph,0 °mph,25.17 °in,0.0 °in,Mostly Cloudy
13,11:40 AM,77 °F,61 °F,57 °%,WNW,6 °mph,0 °mph,25.15 °in,0.0 °in,Mostly Cloudy
14,12:41 PM,79 °F,57 °F,47 °%,CALM,0 °mph,0 °mph,25.13 °in,0.0 °in,Mostly Cloudy
15,1:45 PM,81 °F,61 °F,51 °%,W,6 °mph,0 °mph,25.11 °in,0.0 °in,Mostly Cloudy
16,2:48 PM,82 °F,61 °F,48 °%,WNW,14 °mph,0 °mph,25.07 °in,0.0 °in,Mostly Cloudy
17,3:50 PM,82 °F,63 °F,51 °%,WNW,6 °mph,0 °mph,25.05 °in,0.0 °in,Mostly Cloudy
18,6:00 PM,77 °F,59 °F,54 °%,WSW,10 °mph,0 °mph,25.04 °in,0.0 °in,Light Rain
19,6:09 PM,68 °F,59 °F,73 °%,WSW,21 °mph,32 °mph,25.04 °in,0.0 °in,Rain / Windy
20,6:36 PM,68 °F,59 °F,73 °%,W,22 °mph,0 °mph,25.04 °in,0.0 °in,Light Rain / Windy
21,6:40 PM,66 °F,57 °F,73 °%,SW,7 °mph,30 °mph,25.04 °in,0.0 °in,Light Rain
22,7:23 PM,68 °F,63 °F,83 °%,SW,5 °mph,0 °mph,25.07 °in,0.0 °in,Cloudy
23,7:46 PM,68 °F,63 °F,83 °%,WNW,5 °mph,16 °mph,25.09 °in,0.0 °in,Light Rain
24,7:47 PM,68 °F,63 °F,83 °%,WNW,3 °mph,16 °mph,25.09 °in,0.0 °in,Light Rain
25,7:57 PM,68 °F,64 °F,88 °%,NNW,7 °mph,0 °mph,25.09 °in,0.0 °in,Light Rain with Thunder
26,8:09 PM,66 °F,64 °F,94 °%,NNW,16 °mph,0 °mph,25.08 °in,0.0 °in,T-Storm
27,9:01 PM,63 °F,61 °F,94 °%,W,6 °mph,0 °mph,25.11 °in,0.0 °in,Cloudy
28,9:02 PM,63 °F,61 °F,94 °%,WNW,7 °mph,0 °mph,25.11 °in,0.0 °in,Cloudy
29,9:46 PM,64 °F,63 °F,94 °%,SSE,5 °mph,0 °mph,25.11 °in,0.0 °in,Cloudy
30,11:26 PM,64 °F,64 °F,100 °%,S,7 °mph,0 °mph,25.11 °in,0.0 °in,Light Rain
31,11:41 PM,64 °F,64 °F,100 °%,SW,6 °mph,0 °mph,25.10 °in,0.0 °in,Light Rain
